Actual_current_yr_Precipitation,Predicted_current_yr_Precipitation
0.584241998,0.59032774
0.53792025,0.53917724
0.560812485,0.5396525
